,OBJECTID,x,y,Year,STRUCTURET,id,taxval,landuse,yearbuilt,storey,Structures,StrucET,Type,type,Area_m2,Area_ft2,mph,idd,DS1,DS2,DS3,DS4,dmg
0,64590,77.21141192,34.669224,2016,Hard Board (Hardy board or pla,37754,131940,Residential,2004,1,Single Family,Hard Board (Hardy board or pla,Building Modified,A58,2219.860665,11775.67639,146.7368549259047,37754,0.9678199615876394,0.7648288951323673,0.5515539401549682,0.5010617290571528,4
1,120592,77.37389311,34.76787933,2006,Cedar/Redwood/Cypress,45542,133340,Residential,1988,1,Single Family,Cedar/Redwood/Cypress,Building Existing,A14,2783.299933,9727.959884,134.29905837199553,45542,0.8366880698161923,0.3943107414207473,0.11232817307294596,0.0648350444118159,2
2,89645,77.16014464,34.68214276,2006,Cedar/Redwood/Cypress,53669,492240,Waterfront River/Creek,2001,1,Single Family,Cedar/Redwood/Cypress,Building Existing,A62,3483.49141,21968.29168,147.42146388858814,53669,0.9462437487685404,0.6822532871396795,0.36423576179628514,0.2857363423934177,4
3,47967,77.44382558,34.80017931,2016,Aluminum/Vinyl,68961,167250,Residential,2007,1,Single Family,Aluminum/Vinyl,Building New,A62,2672.812928,10502.67157,129.69041206233325,68961,0.7562061252975661,0.2762997266913978,0.06525194408212617,0.05115437069832748,1
4,59405,77.54160102,34.8974844,2016,Aluminum/Vinyl,17408,46720,Residential,1960,1,Single Family,Aluminum/Vinyl,Building New,A14,87.81542346,5503.109841,119.75926043406076,17408,0.5396332320117382,0.1106685276535267,0.012037634769772194,0.005277583751526638,0
5,78953,77.35804075,34.52078651,2006,STUCCO BLOCK,39902,160000,Building Only (No Land),1985,1,Beach Condo,STUCCO BLOCK,Building Existing,C14,20853.18446,190.8960013,151.63289484119935,39902,0.9860632838193084,0.7934218404116828,0.28980427332265063,0.0003582086163251692,3
6,129693,77.43047504,34.7868477,2006,Brick Frame,42639,166210,Residential,1984,2,Single Family,Brick Frame,Building Existing,A30,174.5418043,12838.07989,131.1030527335808,42639,0.9297375379778354,0.627370796408816,0.3343975292536366,0.24308702198908066,4
7,134642,77.41237084,34.80569505,2006,Aluminum/Vinyl,67419,160320,Residential,2006,1,Single Family,Aluminum/Vinyl,Building Existing,A62,2350.997019,21047.14601,130.27358354276936,67419,0.7661411513680795,0.2889409055218667,0.07060082570433569,0.05520261246092373,1
8,28303,77.65487714,34.69502512,2016,Aluminum/Vinyl,152912,120230,Building Site,2011,1,Single Family,Aluminum/Vinyl,Building New,A58,1794.913778,20749.9962,129.94750981338993,152912,0.8368876730648485,0.3856544150193053,0.16476758692495796,0.15626577524536495,1
9,134726,77.46339673,34.8067051,2006,Aluminum/Vinyl,47397,151850,Residential,1988,1,Single Family,Aluminum/Vinyl,Building Existing,A10,2621.550682,12989.87846,128.57454593735807,47397,0.8122864337277943,0.43036931427697,0.13680721140265095,0.1353876727099964,2
10,87686,77.47327829,34.67706703,2006,Aluminum/Vinyl,53545,140070,Residential,1995,1,Single Family,Aluminum/Vinyl,Building Existing,A62,2213.018143,23101.19512,137.42022224703317,53545,0.8659988546499701,0.45563983939110964,0.16211210859621034,0.12480080164453583,1
11,56686,77.52390173,34.84970052,2016,Aluminum/Vinyl,67295,279470,Building Site,2006,1,Single Family,Aluminum/Vinyl,Building New,A62,395.6082055,175705.6977,123.54439409155418,67295,0.6358424614231326,0.15903072592586714,0.025381496851619334,0.020757846240450694,0
12,78259,77.39672641,34.51123692,2006,Aluminum/Vinyl,5376,265600,Waterfront ICW,1990,1,Single Family,Aluminum/Vinyl,Building Existing,A14,1826.147964,21839.05482,151.32977700618315,5376,0.971240062992519,0.7663364354906149,0.4487363390589244,0.33359074892201523,3
13,59370,77.54497321,34.89690883,2016,,7112,984454,Commercial,0,1,APARTMENT,,Building New,C14,248.1678203,135696.4041,119.69071678084369,7112,0.6478183698492446,0.1244737335132926,0.00342114927830774,1.1879108881975822e-13,1
14,30392,77.14638589,34.69934054,2016,Aluminum/Vinyl,76144,149400,Townhome,2009,2,Town Home,Aluminum/Vinyl,Building New,B32,5246.392211,3576.932737,146.59631236705928,76144,0.6307960801519865,0.2517697752164715,0.0564468762972889,0.044843975117411644,2
15,91142,77.19571111,34.68850124,2006,ALUMINUM/VINYL,58849,47120,Building Site,1988,1,Multi-Section MH,ALUMINUM/VINYL,Building Existing,B35,1970.33277,15485.01554,145.93473171179332,58849,0.8482944975738869,0.7481934758405693,0.416004168641956,0.29983489002792063,4
16,51224,77.41073176,34.81692561,2016,Aluminum/Vinyl,155070,73510,Townhome,2012,2,Town Home,Aluminum/Vinyl,Building New,B32,3012.781827,1839.533876,129.48464226710382,155070,0.29026475702950905,0.036144180914038704,0.002352817734894103,0.0016503558163683347,0
17,53628,77.41389708,34.82938018,2016,Aluminum/Vinyl,157720,170220,Residential,2013,1,Single Family,Aluminum/Vinyl,Building New,A58,2318.68378,13561.02415,128.46370915520316,157720,0.8158645719419332,0.34961333550963636,0.14019314841625907,0.13444430397500706,1
18,31719,77.63380879,34.71441038,2016,Concrete Block,18263,108110,Building Site,1955,1,Single Family,Concrete Block,Building New,A14,58.58362659,156202.9558,129.35726984400935,18263,0.7557023462231712,0.2807799885095107,0.05996512334855864,0.03171030153946986,0
19,47126,77.41733643,34.79463396,2016,"Frame Siding, Plywood",43058,111320,Residential,1984,1,Single Family,"Frame Siding, Plywood",Building New,A14,171.4717395,12170.97817,130.9450090604753,43058,0.7841792669173586,0.3160174254250898,0.07434652484512781,0.040463886670674624,1
20,22191,77.49129702,34.54064858,2016,ALUMINUM/VINYL,55790,76630,Building Site,1995,1,Multi-Section MH,ALUMINUM/VINYL,Building New,B32,407.7332389,31538.39411,146.93355678134682,55790,0.6369716471505351,0.2584791129620637,0.059103840937013916,0.04705866492983165,1
21,30911,77.54621556,34.70808584,2016,ALUMINUM/VINYL,60710,99650,Building Site,2001,1,Multi-Section MH,ALUMINUM/VINYL,Building New,B32,160.8702671,44609.77096,132.75093069538656,60710,0.353954518575728,0.05811205928052319,0.004977345927064212,0.0035819717493754586,0
22,51467,77.5127954,34.81926902,2016,Aluminum/Vinyl,66944,144090,Residential,2007,1,Single Family,Aluminum/Vinyl,Building New,A58,1967.841559,27753.03857,126.00897838751662,66944,0.7769425015230684,0.2921406047055465,0.10476743412490097,0.10268442610067946,0
23,91648,77.12088872,34.68885703,2006,Aluminum/Vinyl,14441,270890,Residential,1998,2,Single Family,Aluminum/Vinyl,Building Existing,A26,1819.946748,5199.85216,148.1374354125698,14441,0.9953851755085049,0.9705142764393344,0.8934068541821376,0.8104308939436942,4
24,93858,77.22269553,34.70189642,2006,Aluminum/Vinyl,38931,115800,Building Site,1997,1,Single Family,Aluminum/Vinyl,Building Existing,A58,1901.463023,21351.38561,144.11915048859927,38931,0.9573838746324589,0.7163113348365957,0.48641766101238076,0.4414307616133258,1
25,58496,77.6431942,34.88502919,2016,ALUMINUM/VINYL,46765,87920,Building Site,2001,1,Multi-Section MH,ALUMINUM/VINYL,Building New,B32,265.879448,46692.41713,117.19218167811432,46765,0.1029193851252832,0.003424589639625554,6.565349531932041e-05,4.147368701109158e-05,0
26,130651,77.391366,34.78883671,2006,Aluminum/Vinyl,64105,154820,Residential,2004,1,Single Family,Aluminum/Vinyl,Building Existing,A58,2565.951496,7681.267055,132.17741337770997,64105,0.8650468956642784,0.4408256893396041,0.2060015686349519,0.19265963339632786,2
27,73189,77.54517452,34.89803876,2016,Asbestos Shingle,23225,97250,Residential,1945,1,Single Family,Asbestos Shingle,Building Modified,A10,1070.624841,14587.81375,119.60968288499267,23225,0.644347105026248,0.2183652287987738,0.03456819561020829,0.04423063588223944,1
28,128601,77.38851083,34.7837914,2006,Aluminum/Vinyl,49089,104930,Residential,1990,1,Single Family,Aluminum/Vinyl,Building Existing,A10,1852.507627,5684.601406,132.64614352719954,49089,0.866293568624098,0.5336177699682774,0.2168090496084641,0.20004022913699004,2
29,46996,77.55836516,34.79533012,2016,Aluminum/Vinyl,74828,139990,Residential,2009,1,Single Family,Aluminum/Vinyl,Building New,A58,2104.132317,25531.24363,125.970057729132,74828,0.7762834220115264,0.2912569915978911,0.10425849075948018,0.10222458187531724,2
30,101892,77.51469919,34.73488265,2006,Hard Board (Hardy board or pla,1140,81250,Building Site,1956,1,Single Family,Hard Board (Hardy board or pla,Building Existing,A10,1967.358279,21557.98057,131.7545562443309,1140,0.8556248298154393,0.5112348218272675,0.19753532556551334,0.18467821201573115,1
31,26530,77.60296046,34.68463713,2016,Aluminum/Vinyl,6087,366230,Building Site,2010,1,Single Family,Aluminum/Vinyl,Building New,A58,812.0040644,297585.2695,132.59748560445792,6087,0.869905228916356,0.45127765346493776,0.21431806161112266,0.19997934608209988,1
32,48478,77.45265105,34.80399267,2016,Asbestos Shingle,13586,86350,Residential,1971,1,Single Family,Asbestos Shingle,Building New,A14,171.8136498,10587.63626,129.1248076542509,13586,0.7513388015672195,0.2757496688222455,0.058042793295783005,0.030563007863611717,2
33,47318,77.44303436,34.79637357,2016,Aluminum/Vinyl,66645,244180,Residential,2006,2,Single Family,Aluminum/Vinyl,Building New,A26,2213.832832,24903.19335,129.99421076266734,66645,0.9525611316251835,0.7880436628374629,0.5227749668572242,0.4171190265996692,2
34,52674,77.40852053,34.82516549,2016,Aluminum/Vinyl,153439,151260,Residential,2011,1,Single Family,Aluminum/Vinyl,Building New,A58,2080.690097,8040.157408,128.93492024582673,153439,0.8227430837185239,0.36097516107630767,0.14774194997614248,0.14116174603063547,0
35,46601,77.42294024,34.79115298,2016,Board and Batten,15263,115820,Residential,1978,1,Single Family,Board and Batten,Building New,A10,316.8669222,14524.05688,131.0268244093223,15263,0.8464449901153362,0.49282317898754985,0.18250901906239742,0.1726268911320627,1
36,41881,77.433565,34.76511294,2016,"Frame Siding, Plywood",24566,94760,Residential,1959,1,Single Family,"Frame Siding, Plywood",Building New,A10,1102.860751,15513.36438,132.602212288809,24566,0.8657825723965895,0.5325203219271829,0.21583773232095643,0.19926823121038229,2
37,25394,77.22506295,34.66601553,2016,Aluminum/Vinyl,45471,151870,Residential,1994,1,Single Family,Aluminum/Vinyl,Building New,A58,154.2431453,15500.06217,146.4893956878208,45471,0.9669408853907812,0.7604829810067694,0.5454779576148728,0.49545057731345654,1
38,42092,77.44071701,34.76631048,2016,Brick Frame,7493,230850,Residential,1970,2,Single Family,Brick Frame,Building New,A26,112.5226945,23252.8447,132.2710169806124,7493,0.963611949683001,0.8275029994499021,0.5851028599962441,0.47425536405949037,4
39,143758,77.260528,34.85914176,2006,Concrete Block,9025,55930,Building Site,1964,1,Single Family,Concrete Block,Building Existing,A10,1476.86436,19241.94651,131.28784928718304,9025,0.8497870152969401,0.499439139034732,0.18782410277712563,0.17689820558545932,2
40,120690,77.38712764,34.76825148,2006,,12460,349938,Commercial/Ind/Secondary,0,1,MEDICAL BUILDING,,Building Existing,F16,1340.616404,39764.9388,133.86910778189474,12460,0.9523558821150522,0.8932295080028587,0.7682294779669318,9.578671476236704e-05,3
41,110441,77.41934353,34.75195635,2006,Aluminum/Vinyl,28835,142600,Residential,1951,1,Single Family,Aluminum/Vinyl,Building Existing,A10,2550.692075,20266.64112,134.0545795301582,28835,0.8818890674109292,0.5684321981673705,0.24907763584495357,0.22558655358231344,1
42,30616,77.22101223,34.7020061,2016,Aluminum/Vinyl,75211,162940,Residential,2009,1,Single Family,Aluminum/Vinyl,Building New,A58,2200.900002,35262.20585,144.16807293446533,75211,0.9576033352203529,0.7172686677588465,0.48764793112979515,0.44254715502105985,4
43,44120,77.41795888,34.77673741,2016,Aluminum/Vinyl,75445,72410,Townhome,2009,2,Town Home,Aluminum/Vinyl,Building New,B32,2909.026782,2198.425232,132.25793445189234,75445,0.3441211465522457,0.054285955843793005,0.004466531835776276,0.0032021294617526875,1
44,79213,77.35901159,34.52315588,2006,ALUMINUM/VINYL,15495,174960,Waterview,1983,2,Beach Duplex,ALUMINUM/VINYL,Building Existing,A26,1510.371228,7911.838882,151.49073159628244,15495,0.9971391171740424,0.981003922032909,0.9262393435484663,0.8567923572582086,4
45,44282,77.40293131,34.77756896,2016,Brick Veneer,20792,260620,Residential,2008,2,Single Family,Brick Veneer,Building New,A26,2033.522125,21499.93302,132.67373526941796,20792,0.9653107266301567,0.8338963091845584,0.5958431183557085,0.4843480894238136,2
46,104218,77.13593474,34.7352423,2006,Cedar/Redwood/Cypress,45287,182130,Residential,1995,2,Single Family,Cedar/Redwood/Cypress,Building Existing,A30,1726.533927,37387.90626,144.70186575741798,45287,0.9853260247791291,0.8743773526671551,0.6806068196894866,0.5501440104233455,3
47,108776,77.37455131,34.74834701,2006,Aluminum/Vinyl,67671,49790,Townhome,2005,1,Town Home,Aluminum/Vinyl,Building Existing,B32,4665.738143,1470.768272,135.7737188964859,67671,0.41533420733046633,0.08594756029778006,0.009330134413210803,0.00687027061963842,1
48,69558,77.51435745,34.77765643,2016,"Frame Siding, Plywood",53584,127770,Residential,1995,1,Single Family,"Frame Siding, Plywood",Building Modified,A58,2261.385365,36417.76683,128.8251522832513,53584,0.8211576541063066,0.35832074434569017,0.1459620930411633,0.1395791684193874,1
49,72356,77.51023479,34.84734838,2016,Aluminum/Vinyl,64235,172310,Residential,2005,2,Single Family,Aluminum/Vinyl,Building Modified,A30,1633.687978,51951.63613,124.16029153044937,64235,0.8610821915862981,0.4488682965950487,0.1781492601076995,0.12510780747109262,2
50,143052,77.49601357,34.85378548,2006,Aluminum/Vinyl,65056,207980,Golf Course Lot,2004,2,Single Family,Aluminum/Vinyl,Building Existing,A26,2150.071016,19994.69588,124.17836964680524,65056,0.9104085747835653,0.6621095242291958,0.35980508097413566,0.27736287325070164,4
51,59211,77.50938022,34.89350321,2016,Aluminum/Vinyl,158543,184000,Residential,2014,1,Single Family,Aluminum/Vinyl,Building New,A58,2949.792413,16012.04626,121.02694582832387,158543,0.6821663868923323,0.18853489037757715,0.052447483886021766,0.054514900147179426,0
52,67461,77.48506389,34.73803021,2016,Brick Frame,24710,120890,Residential,1965,1,Single Family,Brick Frame,Building Modified,A14,177.7655852,20796.39527,132.6944555203985,24710,0.812857584810478,0.3563369903426872,0.09283267491614738,0.05211577834407636,2
53,53739,77.49237058,34.83101703,2016,Aluminum/Vinyl,67495,178350,Building Site,2007,2,Single Family,Aluminum/Vinyl,Building New,A30,1690.267208,150533.7086,125.88654082344405,67495,0.8817578756862048,0.49463137617936315,0.2127495446734513,0.15038997393072423,1
54,45479,77.31205358,34.78286973,2016,Aluminum/Vinyl,74617,180960,Residential,2009,1,Single Family,Aluminum/Vinyl,Building New,A62,2575.362003,17395.71983,135.0944989242731,74617,0.837872884099206,0.3998766422832632,0.1269376077572707,0.09790882110052368,2
55,57413,77.49740326,34.86117689,2016,Aluminum/Vinyl,50136,269060,Golf Course Lot,2000,2,Single Family,Aluminum/Vinyl,Building New,A30,187.5408374,25492.30248,123.62078951565321,50136,0.8540790214466991,0.4345467439742817,0.16801749839847901,0.11778848818762444,1
56,21018,77.50240815,34.52635473,2016,Aluminum/Vinyl,153579,245740,Residential,2011,2,Single Family,Aluminum/Vinyl,Building New,A26,2702.954179,30634.97567,147.51468001206615,153579,0.9949638522742599,0.9680802983691762,0.8861979819619947,0.800771148057938,4
57,21325,77.39905678,34.52738021,2016,Aluminum/Vinyl,155873,185200,Residential,2013,2,Single Family,Aluminum/Vinyl,Building New,A26,1639.852345,18531.49362,150.31345730654473,155873,0.9966112988285597,0.9777804830162923,0.9158085706819117,0.8415878082163653,4
58,114145,77.40609502,34.7582737,2006,Aluminum/Vinyl,22902,71400,Residential,1953,2,Single Family,Aluminum/Vinyl,Building Existing,A30,1108.814816,10346.77684,134.02198731422808,22902,0.948568151618242,0.6944133785651663,0.4099713345865563,0.30400879184103613,4
59,133662,77.37841639,34.80055688,2006,Brick Veneer,45073,84700,Building Site,1948,1,Single Family,Brick Veneer,Building Existing,A14,2765.658471,36736.08615,131.66505561883642,45073,0.7963257776460114,0.3324468880021593,0.08161189924957957,0.044992624874727466,0
60,25556,77.19429882,34.666847,2016,Aluminum/Vinyl,67878,158460,Residential,2006,2,Single Family,Aluminum/Vinyl,Building New,A30,1690.271877,12042.80174,147.4425204320991,67878,0.9896332209175411,0.9038298810401252,0.7389032930115674,0.6111748966115489,4
61,40592,77.352048,34.7585374,2016,Aluminum/Vinyl,68366,159010,Residential,2006,1,Single Family,Aluminum/Vinyl,Building New,A62,2313.652406,13233.55422,135.66074954542069,68366,0.84509720080527,0.4133989816832962,0.13502178263451414,0.10406878813816306,2
62,23641,77.43733211,34.56268401,2016,Aluminum/Vinyl,156601,186330,Residential,2012,1,Single Family,Aluminum/Vinyl,Building New,A58,2550.321437,16003.12226,147.00924635942562,156601,0.9687635526008155,0.769553564909654,0.5582162884897198,0.5072270049486803,2
63,75915,77.5598621,34.4746192,2006,Aluminum/Vinyl,67167,141020,Residential,2006,1,Single Family,Aluminum/Vinyl,Building Existing,A62,1687.31168,6652.176814,148.7054366166791,67167,0.9526802998400515,0.7075613080093227,0.39422471218518734,0.3107877461442301,1
64,137395,77.45046597,34.81638258,2006,Brick Veneer,11802,130150,Residential,1966,1,Single Family,Brick Veneer,Building Existing,A14,2408.593225,17411.79826,128.2969814693326,11802,0.735402136131845,0.2581328786855439,0.051562590811339286,0.026738264035911376,0
65,67554,77.13824092,34.73487176,2016,Aluminum/Vinyl,38692,188240,Residential,1998,2,Single Family,Aluminum/Vinyl,Building Modified,A26,1902.50813,39832.22928,144.63570107119344,38692,0.9925036455404211,0.9543954361714498,0.8478783487553392,0.7517898413682835,1
66,26447,77.18242056,34.67812327,2016,Aluminum/Vinyl,39717,143350,Residential,1993,1,Single Family,Aluminum/Vinyl,Building New,A62,91.11972012,20360.51225,147.0527971890428,39717,0.9442615792408169,0.6747772084903348,0.35572023745168424,0.27868589256825926,0
67,20396,77.41923478,34.51947679,2016,Hard Board (Hardy board or pla,66510,344210,Waterfront Canal,2012,1,Single Family,Hard Board (Hardy board or pla,Building New,A62,3513.038066,76038.00825,150.34234612050267,66510,0.9599075071127361,0.7381017678736146,0.43297653026368543,0.34369895381238746,1
68,109969,77.44958881,34.75144291,2006,,7183,612331,Commercial,0,1,RETAIL,,Building Existing,F16,8818.603968,45249.09134,133.04515290057503,7183,0.9484018200547213,0.8859562997831416,0.755490151526459,7.279419750113663e-05,3
69,40612,77.23088064,34.75697724,2016,Aluminum/Vinyl,42397,174380,Building Site,1988,2,Single Family,Aluminum/Vinyl,Building New,A26,22.52598848,97247.69805,139.83677027033804,42397,0.9857935686634979,0.920414836667536,0.7644306636166578,0.6550337136220653,2
70,59934,77.53341999,34.90236607,2016,Aluminum/Vinyl,75793,170780,Residential,2010,2,Single Family,Aluminum/Vinyl,Building New,A26,202.2345215,18594.0467,119.69076891287526,75793,0.8600100585778345,0.5443893002430483,0.2439685726642522,0.18474667514525545,2
71,68955,77.49272663,34.76536263,2016,Brick Veneer,1106,123370,Residential,1977,1,Single Family,Brick Veneer,Building Modified,A14,2153.155853,13249.46514,130.4849080849574,1106,0.7761663805197639,0.3056575579750493,0.06995017338932197,0.03775722341931798,0
72,51897,77.55793165,34.82238955,2016,Aluminum/Vinyl,64562,177140,Residential,2005,1,Single Family,Aluminum/Vinyl,Building New,A58,259.9708325,15689.86458,124.19068258190315,64562,0.7447586710978121,0.25198156312946185,0.08272363384522152,0.0826403978101688,1
73,127215,77.36052109,34.78071651,2006,Aluminum/Vinyl,15014,114520,Residential,1972,1,Single Family,Aluminum/Vinyl,Building Existing,A10,1855.740995,12758.51651,133.7004724688959,15014,0.8781099183461478,0.5597527258473999,0.24076457670257895,0.21902140574967055,0
74,110051,77.36313447,34.75052675,2006,Aluminum/Vinyl,42136,117060,Residential,1984,1,Single Family,Aluminum/Vinyl,Building Existing,A10,1737.543624,9193.108431,135.95392215148996,42136,0.9005996567136214,0.6139486878577214,0.2957356255341789,0.26231681104671895,1
75,61801,77.54052107,34.9273054,2016,Aluminum/Vinyl,68573,157730,Residential,2006,2,Single Family,Aluminum/Vinyl,Building New,A30,1550.926382,21299.94666,117.82516192158573,68573,0.7614924984701354,0.2860536298932552,0.08097455387941155,0.05634068425222815,0
76,49054,77.40739921,34.80690412,2016,Aluminum/Vinyl,69838,55410,Townhome,2007,2,Town Home,Aluminum/Vinyl,Building New,B32,3568.061849,2635.567958,130.33365069590292,69838,0.30645295737922434,0.0411155566673623,0.002879744824324459,0.0020336440550526077,0
77,39829,77.34569202,34.75526144,2016,Aluminum/Vinyl,152692,173970,Residential,2015,2,Single Family,Aluminum/Vinyl,Building New,A22,1435.578168,15039.12502,136.09722735213018,152692,0.9593236089374786,0.728649895264031,0.38167858175588887,0.08855799273633663,3
78,146131,77.55727266,34.90143406,2006,Aluminum/Vinyl,13540,73270,Building Site,1933,1,Single Family,Aluminum/Vinyl,Building Existing,A10,195.873681,19523.3193,119.00229452869638,13540,0.6307115465990946,0.2060649084301182,0.03085054472638954,0.04040580998014822,1
79,39770,77.53731442,34.7574802,2016,Aluminum/Vinyl,18742,64340,Building Site,1925,1,Single Family,Aluminum/Vinyl,Building New,A10,442.0395126,41500.12766,129.3197610373478,18742,0.8232011949528718,0.44936191783881185,0.14987156978061822,0.14614336489341173,1
80,62814,77.62202184,34.94720806,2016,Aluminum/Vinyl,27919,159890,Building Site,2006,1,Single Family,Aluminum/Vinyl,Building New,A62,3202.341125,43559.94335,114.05687484718088,27919,0.41162363615292336,0.04802519016735812,0.0036825178129813057,0.0034234161829909716,1
81,49667,77.46234327,34.81059092,2016,"Frame Siding, Plywood",53399,171930,Residential,1995,2,Single Family,"Frame Siding, Plywood",Building New,A30,108.3881228,10885.98563,128.32991620681696,53399,0.9067710048430122,0.5583303271369298,0.2669185976574876,0.19090467164860625,0
82,64988,77.15618586,34.6825313,2016,Aluminum/Vinyl,53690,306430,Waterfront River/Creek,2001,2,Single Family,Aluminum/Vinyl,Building Modified,A30,3855.768042,81099.12604,147.5035702618277,53690,0.9897142680137647,0.9044169106235322,0.7401251789766513,0.6124967185538821,2
83,36461,77.22979045,34.73626507,2016,Aluminum/Vinyl,153707,166590,Residential,2014,2,Single Family,Aluminum/Vinyl,Building New,A30,1625.896101,15277.44594,141.40493856238328,153707,0.9780032839501588,0.8302780252670872,0.6025181468463823,0.4736729074058783,4
84,63491,77.55758792,34.48551832,2016,ALUMINUM/VINYL,14801,77750,Building Site,2003,1,Multi-Section MH,ALUMINUM/VINYL,Building Modified,B32,1594.553577,10957.07414,148.0359175678133,14801,0.656807097710293,0.28092633680930224,0.0684286582895341,0.05487441298752005,0
85,116104,77.42323196,34.76144165,2006,Aluminum/Vinyl,22854,92700,Residential,1946,1,Single Family,Aluminum/Vinyl,Building Existing,A14,785.0411362,26682.12815,133.22082079609314,22854,0.8209336303697734,0.3687082957362964,0.09895629803606243,0.05606562012092746,2
86,36533,77.50077633,34.7403112,2016,Brick Frame,29096,137720,Building Site,1961,1,Single Family,Brick Frame,Building New,A10,65.71451823,43593.29847,131.928852819208,29096,0.857760097156276,0.5156273697322675,0.2012295161691306,0.1876302499334896,1
87,70224,77.41470533,34.78894613,2016,Brick Veneer,42204,203600,Residential,1984,2,Single Family,Brick Veneer,Building Modified,A30,2433.7991,20105.81353,131.4515792224069,42204,0.932255562804058,0.6357125646967765,0.34322882267587074,0.2500657608347113,2
88,74608,77.52069817,34.44837598,2006,ALUMINUM/VINYL,21895,405930,Waterfront Canal,2003,1,Beach House,ALUMINUM/VINYL,Building Existing,A56,2385.203872,7642.469635,151.37620960842418,21895,0.9737816661345814,0.7459404461789325,0.29363109488540784,0.04539466943035762,3
89,32749,77.22755486,34.71463365,2016,Aluminum/Vinyl,68099,163400,Residential,2010,1,Single Family,Aluminum/Vinyl,Building New,A62,2455.199998,20317.26345,143.0491979924632,68099,0.9184053880272127,0.5882780288445713,0.26734612914138034,0.20702840439906883,2
90,25568,77.19347715,34.66676304,2016,Aluminum/Vinyl,73640,77310,Townhome,2007,2,Town Home,Aluminum/Vinyl,Building New,B32,5167.068358,2634.768292,147.47359311001188,73640,0.646757251716801,0.2693797173680724,0.06354795538216251,0.05077543018020729,0
91,59389,77.51957588,34.89683889,2016,Aluminum/Vinyl,151749,138380,Residential,2011,1,Single Family,Aluminum/Vinyl,Building New,A58,1915.030793,15887.13007,120.48856788669839,151749,0.6707264911662649,0.17866595194673696,0.04824610282065414,0.05053149091889777,1
92,71711,77.22871473,34.82453801,2016,Concrete Block,14111,170370,Commercial,1957,1,RETAIL,Concrete Block,Building Modified,F16,1546.603561,74155.06611,134.92104276386263,14111,0.9570157718808511,0.9019611966615904,0.78383477271654,0.00013478779705825396,3
93,136018,77.46408202,34.81114508,2006,Aluminum/Vinyl,21193,148070,Residential,2003,1,Single Family,Aluminum/Vinyl,Building Existing,A62,2537.186208,11404.57593,128.23280705838346,21193,0.73019958322343,0.24570781919372242,0.05316941566403602,0.041998414718273674,1
94,65403,77.20692702,34.69089058,2016,Aluminum/Vinyl,23954,82480,Residential,1970,1,Single Family,Aluminum/Vinyl,Building Modified,A14,1463.460969,19969.89026,145.4115409177607,23954,0.9443600335379996,0.6533531568588893,0.3115284461021014,0.21397999094202091,2
95,116065,77.41842497,34.76129382,2006,,30672,81095,Commercial,0,1,CONVERSION,,Building Existing,A10,1000.652766,11574.85907,133.3917667034803,30672,0.8747382462600565,0.5521435697109024,0.2336248325711171,0.21337486316660775,1
96,42952,77.45076337,34.77007156,2016,Stucco Block,36689,545040,Residential,2010,1,Single Family,Stucco Block,Building New,A58,501.4307625,110535.1116,131.65138789227402,36689,0.8587668481782675,0.4277496129596364,0.19582612444386466,0.1836965035636411,1
97,69760,77.50328209,34.78156432,2016,Brick Veneer,15749,102460,Building Site,1966,1,Single Family,Brick Veneer,Building Modified,A14,994.2226326,64521.48458,128.96335341209118,15749,0.7482792153356472,0.27227689774627667,0.05673442336802468,0.029785398541781985,1
98,104677,77.46182813,34.74141646,2006,Aluminum/Vinyl,55768,107040,Building Site,1938,2,Single Family,Aluminum/Vinyl,Building Existing,A26,719.8427953,60068.46025,133.32586007577308,55768,0.9679130402866605,0.8438810472880702,0.6130114516332013,0.5006448907554475,3
99,44705,77.31202884,34.77849976,2016,Aluminum/Vinyl,70858,159630,Residential,2007,1,Single Family,Aluminum/Vinyl,Building New,A62,2306.581241,25040.26763,135.4082989133057,70858,0.8419068018332493,0.4073636074944585,0.13137920389698948,0.10129183312281909,1
100,80375,77.3758259,34.53515895,2006,Aluminum/Vinyl,30311,452420,Waterfront River/Creek,2005,1,Single Family,Aluminum/Vinyl,Building Existing,A62,3140.146987,28556.5956,150.34385657917815,30311,0.9599137023823067,0.7381290257118074,0.4330124521153732,0.34372975742849143,3
101,107636,77.43046171,34.74722994,2006,,40318,86370,Residential,0,1,SPECIAL/INSTITUTIONAL,,Building Existing,F16,237.197363,15548.44445,134.02395852974595,40318,0.9530685725885998,0.8945533484539454,0.7705731146827439,0.00010078860706813986,2
102,141685,77.46071235,34.84006582,2006,Aluminum/Vinyl,42992,101650,Residential,1986,1,Single Family,Aluminum/Vinyl,Building Existing,A10,231.7146327,51958.35151,126.26534590606488,42992,0.7754455950482169,0.3720377726731411,0.1009761159227952,0.10522922086486503,2
103,124058,77.35551991,34.77449168,2006,Cedar/Redwood/Cypress,43710,294330,Residential,1986,1,Single Family,Cedar/Redwood/Cypress,Building Existing,A10,4146.030083,50662.66563,134.32421921657848,43710,0.8847041352296601,0.5750041568709454,0.25549363743322306,0.2306476151054393,2
104,57319,77.63143999,34.86201422,2016,,66491,440940,Building Site Off-Road,0,1,RETAIL,,Building New,F16,350.3201409,666588.8002,119.07628892528223,66491,0.8254342180069809,0.6956829160692722,0.48100723992592875,2.440057258203655e-07,1
105,29218,77.1435457,34.69214449,2016,Aluminum/Vinyl,75929,224820,Residential,2014,1,Single Family,Aluminum/Vinyl,Building New,A62,2882.441287,27400.00692,147.17672811534447,75929,0.9449347983813062,0.6773005113447473,0.35857741323483083,0.28104846445523013,2
106,65883,77.11582504,34.69972901,2016,Concrete Block,24144,109680,Waterfront River/Creek,1959,1,Single Family,Concrete Block,Building Modified,A14,955.6453452,8922.669578,147.6874824129415,24144,0.9565453858162349,0.6997946779646971,0.3630431988714024,0.2573615599927413,1
107,38297,77.33726905,34.74715489,2016,Aluminum/Vinyl,156455,171240,Residential,2013,2,Single Family,Aluminum/Vinyl,Building New,A26,1792.374235,12340.20733,136.9674755991765,156455,0.9794960569361569,0.8916029987586636,0.7026896145557037,0.5894682052562196,3
108,41089,77.31701743,34.760121,2016,Brick Veneer,11745,99990,Residential,1975,1,Single Family,Brick Veneer,Building New,A14,89.59594952,17695.03989,136.5259357446216,11745,0.8659483072854774,0.44786581821643634,0.14349800275629854,0.08598525365403292,2
109,46971,77.37430308,34.79286751,2016,Aluminum/Vinyl,27081,38100,Building Site,1962,1,Single Family,Aluminum/Vinyl,Building New,A14,288.5381146,10636.37263,132.37141494167165,27081,0.8077750157938333,0.3487937226853737,0.08920448662405622,0.04979600416554116,1
110,83545,77.38339312,34.56672024,2006,Aluminum/Vinyl,43729,420950,Waterfront River/Creek,2001,1,Single Family,Aluminum/Vinyl,Building Existing,A62,4188.2101,12532.22328,148.29846552742566,43729,0.9507165783471614,0.6996648133174982,0.38466996517307833,0.3027678774012244,2
111,18145,77.56844906,34.47790948,2016,Aluminum/Vinyl,150819,208710,Residential,2013,2,Single Family,Aluminum/Vinyl,Building New,A26,1652.479155,7406.463141,148.26199808150366,150819,0.9954653693548389,0.9709809711650692,0.8948047874745922,0.8123230924879283,4
112,71217,77.4651848,34.81457586,2016,Brick Veneer,24853,106810,Residential,1976,1,Single Family,Brick Veneer,Building Modified,A10,1980.022507,21805.42833,127.95025138604453,24853,0.8027782428058239,0.4144957817527706,0.12642587017007034,0.12676029047393322,1
113,128116,77.41767256,34.78327288,2006,Aluminum/Vinyl,34213,59590,Townhome,1982,2,Town Home,Aluminum/Vinyl,Building Existing,B35,1893.286232,3580.358862,131.78047365372848,34213,0.5965245268032201,0.42803945057566867,0.1272266154957295,0.09515540559958319,0
114,30160,77.12060857,34.69712342,2016,Aluminum/Vinyl,54949,264850,Residential,2005,1,Single Family,Aluminum/Vinyl,Building New,A62,355.4653566,27813.03296,147.66411378706906,54949,0.9475150100933059,0.6871238362924592,0.3698659180470425,0.2904129043897028,4
115,55660,77.5083452,34.842911,2016,ALUMINUM/VINYL,64470,98510,Residential,2004,1,Multi-Section MH,ALUMINUM/VINYL,Building New,B32,141.1035619,29186.8041,124.52877123555444,64470,0.2028837361112389,0.01569572333541407,0.0006481942348464883,0.0004365678366639563,0
116,33864,77.5221378,34.72507461,2016,Aluminum/Vinyl,16789,94100,Residential,1981,1,Single Family,Aluminum/Vinyl,Building New,A10,352.947567,21895.5171,132.17072571996664,16789,0.8606830790790706,0.5217100970115683,0.2064158041497141,0.19176823466591847,4
117,131706,77.41771108,34.79218416,2006,,49629,672620,Commercial,0,1,OFFICES/SERVICES,,Building Existing,F16,6064.524639,34619.45048,131.11566159109358,49629,0.9380058618702247,0.8673595027370937,0.7239035671942587,3.7350271242998426e-05,3
118,108913,77.34409779,34.74826888,2006,Aluminum/Vinyl,56903,157150,Residential,1998,2,Single Family,Aluminum/Vinyl,Building Existing,A30,1523.107286,28102.93585,136.68662665037886,56903,0.9617817914738486,0.7493539453132788,0.48060084813256054,0.36360222943268206,2
119,27936,77.21740229,34.68807535,2016,"Frame Siding, Plywood",54754,108350,Residential,1996,1,Single Family,"Frame Siding, Plywood",Building New,A58,76.42392809,15214.46116,145.26132866821743,54754,0.9622560119483625,0.7381660246685602,0.5150410035778678,0.4674985388083338,4
120,40838,77.39928337,34.76023381,2016,Aluminum/Vinyl,67823,78050,Building Site,2011,1,Single Family,Aluminum/Vinyl,Building New,A58,1242.547331,26660.53669,134.09434908317056,67823,0.8861154743855977,0.4884770033202324,0.24526145215800782,0.2271851780219758,1
121,57802,77.55614487,34.86606271,2016,Aluminum/Vinyl,68735,130050,Residential,2007,1,Single Family,Aluminum/Vinyl,Building New,A58,1947.767198,33974.92018,121.36265815339748,68735,0.6891884370003516,0.19483260872036162,0.05520084978226281,0.05711235209112223,0
122,45828,77.30977597,34.78529302,2016,Aluminum/Vinyl,156177,146700,Residential,2012,1,Single Family,Aluminum/Vinyl,Building New,A58,1899.702513,10000.47013,135.00479833803846,156177,0.8951623908821034,0.5109699449081858,0.26501435618793523,0.2445440420442399,2
123,75576,77.47238323,34.46756332,2006,ALUMINUM/VINYL,23206,415410,Waterview,1995,1,Beach House,ALUMINUM/VINYL,Building Existing,A62,2029.785576,4932.507213,151.86211706619804,23206,0.9657312524098488,0.7646439021888474,0.46916662050634406,0.37502543986165576,1
124,41529,77.531253,34.76473612,2016,Siding on Sheathing,33043,107510,Residential,1983,1,Single Family,Siding on Sheathing,Building New,A14,108.3770767,10103.79404,129.06626297362962,33043,0.7502321055129557,0.27448840267194974,0.05756584333174543,0.03027923175390084,1
125,42847,77.49755484,34.77025079,2016,Aluminum/Vinyl,64194,132210,Residential,2004,1,Single Family,Aluminum/Vinyl,Building New,A58,116.1481786,39499.93296,129.9637159625493,64194,0.8371070467857207,0.386051911607391,0.1650489033716669,0.15651486894799882,1
126,49560,77.41380621,34.80946993,2016,Aluminum/Vinyl,68698,173410,Residential,2006,2,Single Family,Aluminum/Vinyl,Building New,A26,1954.835772,10602.3079,129.94835508936183,68698,0.9523113922693617,0.7871906977093098,0.5214973706270912,0.4159718491400838,4
127,42733,77.43930557,34.76902728,2016,Asbestos Shingle,22414,105770,Residential,1962,2,Single Family,Asbestos Shingle,Building New,A30,314.2753263,22454.14351,132.12017953758064,22414,0.9368728725355804,0.651472948830756,0.3603418534896311,0.2636919562633054,1
128,105684,77.49343489,34.74474487,2006,Aluminum/Vinyl,39187,141500,Residential,1987,1,Single Family,Aluminum/Vinyl,Building Existing,A14,111.5910912,56889.30246,131.9032270739104,39187,0.8002378173594314,0.33793486650046123,0.08412004011022833,0.04657157286551454,4
129,113002,77.37146958,34.75602768,2006,"Frame Siding, Plywood",49051,151040,Residential,1991,2,Single Family,"Frame Siding, Plywood",Building Existing,A26,209.9849035,23312.06477,135.28034017237732,49051,0.9747037275436152,0.8711433572524503,0.662566115387714,0.5489035312245605,3
130,60708,77.6334739,34.9132726,2016,Aluminum/Vinyl,71282,167420,Residential,2008,2,Single Family,Aluminum/Vinyl,Building New,A30,93.14925153,15456.13885,115.75720236637997,71282,0.7206029577734101,0.23807496668146644,0.05943687608941666,0.04147561242166033,1
131,38435,77.30653719,34.74731885,2016,Aluminum/Vinyl,154620,233300,Residential,2012,2,Single Family,Aluminum/Vinyl,Building New,A30,2259.168548,16819.29187,137.8355177372761,154620,0.966489619012712,0.7710197834547206,0.5109483006560878,0.39008586401875567,2
132,43542,77.43544309,34.77341246,2016,Aluminum/Vinyl,1850,131560,Residential,1963,2,Single Family,Aluminum/Vinyl,Building New,A26,243.1386821,11078.36375,131.92865756768026,1850,0.9621104881326176,0.8219303370947388,0.5758957519788468,0.4656639047287089,3
133,26966,77.53068844,34.6873024,2016,Aluminum/Vinyl,72388,195990,Residential,2007,2,Single Family,Aluminum/Vinyl,Building New,A30,1802.164936,16216.6274,134.81617100693967,72388,0.9528686488044912,0.7114532213844799,0.4309692564798337,0.32144224740340743,2
134,112624,77.41387657,34.75602067,2006,Aluminum/Vinyl,160367,58920,Residential,1953,1,Duplex,Aluminum/Vinyl,Building Existing,A14,129.793495,15855.42761,133.93497981350794,160367,0.8314862549097201,0.3856315587102448,0.10768796477212972,0.06177010477802542,1
135,119998,77.43036544,34.76765865,2006,Brick Frame,15633,86840,Residential,1959,1,Single Family,Brick Frame,Building Existing,A14,1465.356673,41371.99107,132.52247146069635,15633,0.8101636383989312,0.3523160861634925,0.0908888047666383,0.0508709900650777,0
136,126191,77.43420573,34.77957302,2006,Asbestos Shingle,28832,101270,Residential,1963,2,Single Family,Asbestos Shingle,Building Existing,A26,1433.595407,12317.62205,131.51677444078186,28832,0.960232058251428,0.8150575597487549,0.5647322833848114,0.45531978995688843,4
137,46930,77.36513355,34.79247881,2016,Cedar/Redwood/Cypress,46507,76090,Building Site,1930,1,Single Family,Cedar/Redwood/Cypress,Building New,A10,652.2880154,63212.77027,132.6620273592173,46507,0.8664779538309659,0.5340144127056939,0.21716078204571282,0.200319732576072,1
138,128588,77.39315423,34.78384041,2006,Aluminum/Vinyl,50659,111100,Residential,1991,1,Single Family,Aluminum/Vinyl,Building Existing,A10,1803.921511,7713.769188,132.5020037799648,50659,0.8646113213290804,0.5300147351892713,0.2136303930698199,0.19751305593807705,0
139,138949,77.56183071,34.82587289,2006,Aluminum/Vinyl,59630,117450,Residential,2002,1,Single Family,Aluminum/Vinyl,Building Existing,A58,1710.52772,15741.24061,123.81836548473606,59630,0.7378204030920015,0.24406457570230966,0.0786403014664365,0.07889426128115007,4
140,87811,77.47747182,34.67780005,2006,Aluminum/Vinyl,58485,138000,Residential,1998,1,Single Family,Aluminum/Vinyl,Building Existing,A58,1778.640287,23271.59787,137.19718365485386,58485,0.9145819711951153,0.5642453266730235,0.3150742154711458,0.28858630200275254,2
141,36761,77.52454863,34.74184446,2016,Aluminum/Vinyl,76294,135160,Residential,2010,1,Single Family,Aluminum/Vinyl,Building New,A62,2072.510724,29569.70836,130.88611610125065,76294,0.7762841589340057,0.30244169990705405,0.07654716776206452,0.05970156064804821,0
142,52168,77.40139471,34.8220545,2016,Aluminum/Vinyl,153291,254420,Residential,2011,2,Single Family,Aluminum/Vinyl,Building New,A26,2805.391732,13613.68702,129.37505924750602,153291,0.9490915409737912,0.7763326037347813,0.5054720158224958,0.4016591019967477,2
143,35192,77.18382638,34.72790284,2016,Aluminum/Vinyl,156674,255670,Residential,2013,2,Single Family,Aluminum/Vinyl,Building New,A26,2649.814216,66010.42411,143.4712320197173,156674,0.9912211235855599,0.9475651456928004,0.8299300166840704,0.7299855485728204,2
144,130081,77.3643314,34.78700609,2006,Siding on Sheathing,1405,87960,Residential,1982,1,Single Family,Siding on Sheathing,Building Existing,A14,2014.650896,16477.97747,133.10667697686247,1405,0.8192038912229505,0.366017615927754,0.09760598292508965,0.055190977150173445,2
145,48666,77.45914626,34.80544483,2016,Aluminum/Vinyl,2054,122090,Residential,1976,1,Single Family,Aluminum/Vinyl,Building New,A14,80.63692196,15392.42233,128.80604116983378,2054,0.74527538647258,0.2689101071660134,0.05548053864742751,0.02904268913183121,1
146,88349,77.21184179,34.67720284,2006,ALUMINUM/VINYL,29739,82610,Building Site,1994,1,Multi-Section MH,ALUMINUM/VINYL,Building Existing,B35,1722.182314,26360.6395,146.18851838807726,29739,0.851412765535956,0.7527898165147001,0.42217564096564486,0.30449705877534566,2
147,23381,77.37923136,34.55741429,2016,Aluminum/Vinyl,68051,137690,Residential,2006,1,Single Family,Aluminum/Vinyl,Building New,A58,1868.467275,16676.60398,148.99501117354336,68051,0.974929701714055,0.8021118108146996,0.605813592735364,0.5516881290870757,1
148,37122,77.36519817,34.74235829,2016,"ALUMINUM,VINYL",73157,55000,Building Only (No Land),2008,2,Condominium,"ALUMINUM,VINYL",Building New,C24,2937.501741,620.2620018,136.51909020146246,73157,0.9788721442746239,0.7409869404151654,0.21074836226192045,0.00362983008005571,3
149,70379,77.28167362,34.79033236,2016,Brick Veneer,3990,72990,Building Site,1979,1,Single Family,Brick Veneer,Building Modified,A14,1493.462713,20790.7658,135.64532030143155,3990,0.854895541399707,0.4266220786130931,0.13059933004856045,0.07711801604651086,4
150,69497,77.43081853,34.77541057,2016,Aluminum/Vinyl,7562,138900,Residential,1960,1,Single Family,Aluminum/Vinyl,Building Modified,A14,3106.50474,14085.8239,131.93560297936892,7562,0.8007655482132459,0.33868280755212843,0.08446505023410061,0.046789375774517354,1
151,22519,77.4024953,34.54562629,2016,,36238,534870,Building Site,0,1,PUBLIC BUILDINGS,,Building New,E6,238.549695,63678.81957,149.0543763190264,36238,0.819840154872594,0.8107425620220214,0.7644724746965781,0.462346001719297,4
152,51662,77.51548757,34.82038724,2016,Aluminum/Vinyl,66932,169910,Residential,2006,2,Single Family,Aluminum/Vinyl,Building New,A26,94.76895875,41533.68888,125.83821970703458,66932,0.9247998486590676,0.7015550392667618,0.4058359524201516,0.3155985397011196,3
153,60662,77.52232046,34.91142752,2016,ALUMINUM/VINYL,73936,86120,Residential,2008,1,Multi-Section MH,ALUMINUM/VINYL,Building New,B32,2152.010679,20091.46614,119.4245969810636,73936,0.12917386863903152,0.005661906312900075,0.00013883187777343243,8.947370664203757e-05,0
154,103107,77.50869834,34.73755794,2006,Aluminum/Vinyl,15324,90290,Building Site,1952,1,Single Family,Aluminum/Vinyl,Building Existing,A14,201.2965999,34318.07282,131.80888058745256,15324,0.798694427519912,0.3357579056127684,0.0831202033777737,0.045941210544020346,0
155,42521,77.32504615,34.7664586,2016,Aluminum/Vinyl,151067,235000,Residential,2015,2,Single Family,Aluminum/Vinyl,Building New,A22,1808.270078,20461.02108,135.78725673115844,151067,0.9578805413843609,0.7223153221466503,0.3738006077854767,0.08527837201532046,2
156,58455,77.24350178,34.87871811,2016,ALUMINUM/VINYL,32543,109470,Residential,2004,1,Multi-Section MH,ALUMINUM/VINYL,Building New,B32,914.3264953,114276.3035,130.6561565654449,32543,0.312676855008714,0.04313435741630974,0.0031052567924714516,0.0021984934906810966,0
157,79982,77.38257059,34.53131262,2006,Aluminum/Vinyl,47695,148950,Residential,1994,1,Single Family,Aluminum/Vinyl,Building Existing,A58,2546.938668,19605.41158,150.41219478296142,47695,0.9786371546384718,0.8233163027846582,0.6385122072361873,0.582704235616993,2
158,33698,77.23190325,34.72000991,2016,ALUMINUM/VINYL,48615,81520,Residential,2003,1,Multi-Section MH,ALUMINUM/VINYL,Building New,B32,124.6983714,31572.7357,142.51520973436925,48615,0.5526232402668971,0.17732622345513394,0.030904836813628284,0.023886330635689724,0
159,56156,77.51461149,34.84607993,2016,Aluminum/Vinyl,154889,156500,Residential,2012,1,Single Family,Aluminum/Vinyl,Building New,A62,2321.618783,16199.40653,124.10217182580783,154889,0.6478579159227509,0.16829849660258067,0.027904337444569757,0.02270676483632914,1
160,118081,77.34105069,34.76341808,2006,Aluminum/Vinyl,41565,110050,Residential,1983,1,Single Family,Aluminum/Vinyl,Building Existing,A10,1856.950919,23251.0374,135.59191670559028,41565,0.8972311520882006,0.6054220388003684,0.2865922293702238,0.25512838659264214,2
161,24389,77.59478526,34.64567439,2016,Aluminum/Vinyl,10274,148610,Building Site,1985,2,Single Family,Aluminum/Vinyl,Building New,A30,200.8440474,121373.9905,135.72310296812543,10274,0.9573944138503134,0.7302294909600234,0.4550328385527939,0.3417111709195588,4
162,120713,77.36967741,34.76801314,2006,Brick Veneer,19257,140120,Residential,1971,1,Single Family,Brick Veneer,Building Existing,A10,2547.301764,20241.90999,134.41422848737741,19257,0.885631898443825,0.5771904957083781,0.25765154767283044,0.2323487966138182,1
163,48298,77.45437636,34.80258687,2016,Aluminum/Vinyl,22924,103490,Residential,1972,1,Single Family,Aluminum/Vinyl,Building New,A14,418.8166555,9226.187368,129.16998846442618,22924,0.7521907436542637,0.2767245797676592,0.058412840528644955,0.030783421084730048,1
164,110579,77.35627731,34.75140329,2006,"Frame Siding, Plywood",49966,97010,Residential,1997,1,Single Family,"Frame Siding, Plywood",Building Existing,A62,1136.984788,8191.449916,136.0899424239887,49966,0.8504097485916431,0.4236802230367154,0.14135610185631342,0.1089035076767591,1
165,117878,77.49124636,34.76506402,2006,Siding on Sheathing,32224,84390,Residential,1980,1,Single Family,Siding on Sheathing,Building Existing,A10,1563.164996,12402.39395,130.5606512733737,32224,0.840337603297294,0.480980787350478,0.1732277690522157,0.16514325304156996,4
166,96602,77.17949379,34.71320409,2006,,3623,26480,Commercial,0,1,RETAIL,,Building Existing,F16,128.0982599,15095.81492,144.67630828714846,3623,0.9843550312539551,0.958105725432809,0.8944605669312184,0.0020702763818078044,3
167,20822,77.37064925,34.52344709,2016,Aluminum/Vinyl,48354,453470,Waterfront Sound,2015,2,Single Family,Aluminum/Vinyl,Building New,A22,1805.554828,25424.7907,151.12247541907692,48354,0.9936289634260042,0.9307513764951558,0.7424556179299815,0.34543355277539767,3
168,56491,77.51798271,34.84804925,2016,Aluminum/Vinyl,74671,257080,Residential,2011,2,Single Family,Aluminum/Vinyl,Building New,A26,2479.878891,29519.88863,123.85488127592552,74671,0.9073553151256083,0.654128345783798,0.3509737611479027,0.2701264859086567,2
169,75677,77.46871376,34.46944386,2006,CEDAR/REDWOOD/CYPRESS,14896,466900,Waterview,2003,2,Beach House,CEDAR/REDWOOD/CYPRESS,Building Existing,A26,900.2927437,5024.880819,151.86660922481528,14896,0.9972905388296169,0.9819407268043022,0.9293369647570544,0.8614085464229762,4
170,89447,77.21098971,34.68228203,2006,Aluminum/Vinyl,35463,103740,Residential,1986,1,Single Family,Aluminum/Vinyl,Building Existing,A14,1493.833111,16022.37644,145.87168839932025,35463,0.9470360257445879,0.6630194984207969,0.3217537691415551,0.22244402533161084,2
171,112794,77.36651121,34.75558778,2006,"Frame Siding, Plywood",47009,137070,Residential,1988,1,Single Family,"Frame Siding, Plywood",Building Existing,A14,2186.405015,12998.58705,135.46351871062745,47009,0.8525301530591711,0.42224358548445357,0.12802955969973345,0.07537039105229215,1
172,135130,77.46521491,34.80818312,2006,"Frame Siding, Plywood",55404,145230,Residential,1997,1,Single Family,"Frame Siding, Plywood",Building Existing,A58,2792.660001,17326.76904,128.40802027053533,55404,0.8150391232380597,0.3482764575653422,0.1393168514801833,0.13366357485940256,1
173,120952,77.37334277,34.76843389,2006,Brick Veneer,25332,185820,Residential,1973,1,Single Family,Brick Veneer,Building Existing,A14,3312.72227,29989.85228,134.27299023075787,25332,0.8363195874028209,0.39368828987364823,0.11199168145830707,0.06461202221375115,2
174,142607,77.56331526,34.84727495,2006,Aluminum/Vinyl,64407,164820,Residential,2004,2,Single Family,Aluminum/Vinyl,Building Existing,A30,1686.190946,20950.2127,122.35392672726518,64407,0.8365832726386155,0.40104218619712434,0.1455587850854989,0.10169452416724356,1
175,49690,77.40406297,34.80985411,2016,Aluminum/Vinyl,153033,98220,Townhome,2011,2,Town Home,Aluminum/Vinyl,Building New,B32,3770.530823,1190.506433,130.21228918452024,153033,0.3041211504301312,0.0403747425703116,0.0027986459718707364,0.0019744741276180007,0
176,80106,77.50054955,34.53437272,2006,Brick Veneer,238,93350,Building Site,1961,1,Single Family,Brick Veneer,Building Existing,A10,373.959979,26876.314,147.04911262682958,238,0.9675057673278876,0.8272569083771595,0.5978557632016093,0.5069954839756234,4
177,102333,77.52204353,34.73597352,2006,Brick Veneer,13974,164030,Building Site,1976,2,Single Family,Brick Veneer,Building Existing,A30,840.6582043,217277.9501,131.38596458004955,13974,0.9317874212475622,0.6341485720071585,0.3415612761101959,0.2487452733226323,1
178,116581,77.3689328,34.76139624,2006,Aluminum/Vinyl,36774,173990,Residential,2003,1,Single Family,Aluminum/Vinyl,Building Existing,A62,2770.434771,15539.14988,134.94473851581955,36774,0.8359209253743599,0.39631015166465333,0.12485157671431568,0.0963210880539721,4
179,46186,77.42132492,34.78861046,2016,,53276,1613641,Commercial,0,1,RETAIL,,Building New,D10,14787.79656,99265.865,131.26699044627296,53276,0.6758485561481842,0.4756358174127371,0.2801297791416365,0.1715146064294164,3
180,80469,77.40366573,34.5368481,2006,ALUMINUM/VINYL,46648,72800,Residential,1995,1,Multi-Section MH,ALUMINUM/VINYL,Building Existing,B32,848.995394,19932.14949,149.60772054293636,46648,0.6841038309905517,0.31416595717340107,0.08348904969142845,0.06762627903498711,1
181,120507,77.4380122,34.76866664,2006,Aluminum/Vinyl,7492,107210,Residential,1962,1,Single Family,Aluminum/Vinyl,Building Existing,A10,258.7651009,13048.13992,132.19051392333662,7492,0.8609201587467781,0.5222070425944842,0.20684315935843878,0.19210889040085122,0
182,26219,77.57478377,34.68098884,2016,Log,24008,370370,Building Site,1982,2,Single Family,Log,Building New,A30,151.0293302,496916.9654,133.85134470899416,24008,0.9476010873182346,0.6906812612887665,0.40547485201284983,0.3003053848360979,3
183,128525,77.39021047,34.783659,2006,"Frame Siding, Plywood",44052,100090,Residential,1985,1,Single Family,"Frame Siding, Plywood",Building Existing,A10,1699.14566,6106.917232,132.60494909654318,44052,0.8658144502761513,0.5325887081593356,0.21589817862086336,0.19931627976894595,1
184,17637,77.56407782,34.47358088,2016,Aluminum/Vinyl,75987,163890,Residential,2010,1,Single Family,Aluminum/Vinyl,Building New,A62,2083.969909,8449.817284,148.66962743108667,75987,0.9525102812749279,0.7068712487611817,0.3933823959511144,0.3100792730746579,3
185,127209,77.52452405,34.78284546,2006,Aluminum/Vinyl,3926,84730,Building Site,1961,1,Single Family,Aluminum/Vinyl,Building Existing,A10,1784.786928,34304.72295,128.08876703046403,3926,0.8049166819391161,0.4180133120905747,0.1286847768971331,0.12864423008398823,2
186,114216,77.3229076,34.75722681,2006,Aluminum/Vinyl,10935,120310,Residential,1978,1,Single Family,Aluminum/Vinyl,Building Existing,A10,1883.240501,17130.38873,136.57157324218707,10935,0.9061398559171101,0.6283169494518441,0.3115798466358091,0.27477127348605745,1
187,129512,77.43545927,34.78635619,2006,Brick Veneer,44780,193950,Residential,1986,2,Single Family,Brick Veneer,Building Existing,A30,2320.69669,26139.14249,130.9765359698827,44780,0.9288041872735436,0.6243220940145526,0.3312081919846405,0.24057548086225278,2
188,81185,77.37903422,34.5440231,2006,ALUMINUM/VINYL,58682,80590,Building Site,1994,1,Multi-Section MH,ALUMINUM/VINYL,Building Existing,B35,2070.422127,14864.17576,149.7568916563169,58682,0.8902805257066929,0.8117231026638025,0.509138105546625,0.37221209156138535,2
189,127319,77.41083776,34.78155121,2006,Brick Veneer,15210,105850,Residential,1963,1,Single Family,Brick Veneer,Building Existing,A14,1997.533874,12488.99268,132.12613975378872,15210,0.8038516772075222,0.3430936251789073,0.0865152729748071,0.04808667310240786,1
190,114808,77.30316785,34.75786408,2006,Aluminum/Vinyl,45597,108150,Residential,1987,1,Single Family,Aluminum/Vinyl,Building Existing,A10,1632.854422,10522.49708,137.215694824537,45597,0.9116462378980468,0.6430449099143493,0.3284040316757796,0.2880006441178865,3
191,135902,77.45757571,34.81061126,2006,Aluminum/Vinyl,61313,150750,Residential,2002,1,Single Family,Aluminum/Vinyl,Building Existing,A62,2582.853004,15081.21253,128.48478247973063,61313,0.7348140969887756,0.25088729225487383,0.055130165018864336,0.04348583068931951,0
192,25948,77.18899354,34.67152836,2016,Aluminum/Vinyl,153317,77000,Townhome,2012,2,Town Home,Aluminum/Vinyl,Building New,B32,3949.212252,1300.260588,147.29635320199645,153317,0.6435598780045859,0.26578130496636165,0.062063410173283595,0.04953216478650828,1
193,29946,77.60342082,34.70222972,2016,Aluminum/Vinyl,158616,250810,Residential,2014,2,Single Family,Aluminum/Vinyl,Building New,A26,2309.28999,12510.10349,131.30250061105065,158616,0.9592228811334753,0.81140910964311,0.5588897617073242,0.44993720151435734,4
194,52731,77.41375975,34.82558072,2016,Aluminum/Vinyl,159929,192670,Residential,2015,2,Single Family,Aluminum/Vinyl,Building New,A18,1688.281758,9161.424263,128.75015101793687,159929,0.9437390843195623,0.753110351375616,0.37172042406977746,0.12092353608326456,3
195,108033,77.37123389,34.74713378,2006,Siding on Sheathing,34464,51640,Residential,1983,1,Duplex,Siding on Sheathing,Building Existing,A10,2028.910886,4709.280299,135.96860292220433,34464,0.9007343527858326,0.614292872010863,0.2961087207608481,0.26261009684009257,2
196,61783,77.53692721,34.92703937,2016,Aluminum/Vinyl,159451,133410,Residential,2015,1,Single Family,Aluminum/Vinyl,Building New,A50,1906.741383,29715.27481,117.95008261490374,159451,0.6050837843868716,0.11316566819503038,0.003935224423919635,0.00011965224985099665,1
197,123683,77.42039782,34.77472399,2006,Brick Veneer,5367,112470,Residential,1977,1,Single Family,Brick Veneer,Building Existing,A14,1852.630514,16173.67221,132.32863334894387,5367,0.8070946953711189,0.34779775313412586,0.08873136254868441,0.049494646769549316,0
198,110341,77.37653377,34.75121347,2006,Brick Frame,350,131240,Residential,1973,2,Single Family,Brick Frame,Building Existing,A30,2187.650343,15657.79961,135.49363620199708,350,0.95628674192492,0.7255489566636362,0.4489404748038323,0.3365495222165767,4
199,76717,77.52495043,34.48764583,2006,Brick Veneer,28454,124840,Building Site,1962,1,Single Family,Brick Veneer,Building Existing,A10,217.0121628,218837.3962,149.12818212792243,28454,0.9741498123351814,0.8555135131152698,0.6510647862291792,0.5535092616427395,1
200,129737,77.36620877,34.78603168,2006,Siding on Sheathing,45439,116220,Residential,1987,1,Single Family,Siding on Sheathing,Building Existing,A10,1942.490944,17109.42376,133.1284208726421,45439,0.8718046280967475,0.5456231804737933,0.2276153626802111,0.20861565081676603,2
201,17203,77.51901422,34.4419414,2016,"ALUMINUM,VINYL",72088,400000,Building Only (No Land),2006,3,Beach Condo,"ALUMINUM,VINYL",Building New,C25,5838.321049,1007.679095,151.73471907330577,72088,0.9993011219034098,0.9838503909924265,0.7560923856958035,0.584597228550278,4
202,17415,77.51843039,34.45244795,2016,"ALUMINUM,VINYL",9138,252570,Waterfront Canal,1998,1,Singlewide M/H,"ALUMINUM,VINYL",Building New,B32,144.637196,7583.30164,151.2504737949911,9138,0.7113078934748287,0.35019345424728476,0.10154919785530231,0.08310268465053955,4
203,136135,77.46341138,34.81158288,2006,Aluminum/Vinyl,21008,148170,Residential,2003,1,Single Family,Aluminum/Vinyl,Building Existing,A58,2694.699609,10359.26633,128.2234450655871,21008,0.812284264804616,0.34385492414429353,0.13643646350528194,0.1310958554940887,1
204,20670,77.4165283,34.52302116,2016,Aluminum/Vinyl,159267,226640,Residential,2015,2,Single Family,Aluminum/Vinyl,Building New,A18,1979.066911,13852.89133,150.18823885764334,159267,0.9963959264061206,0.975453008386697,0.8583291558809725,0.5908610239571034,3
205,87715,77.20140008,34.67349576,2006,Siding on Sheathing,59695,122680,Residential,1999,1,Single Family,Siding on Sheathing,Building Existing,A58,2073.590318,12389.01042,146.77692989103363,59695,0.9679603547792647,0.7655278922315518,0.5525358579832683,0.5019695500905327,4
206,36745,77.13394112,34.73636685,2016,Aluminum/Vinyl,49615,171350,Residential,1999,1,Single Family,Aluminum/Vinyl,Building New,A62,147.7118844,47320.99519,144.70637350213633,49615,0.930121583380351,0.6251752392628189,0.30287499059992684,0.23551890632769057,1
207,38001,77.4318663,34.74724421,2016,Hard Board (Hardy board or pla,5149,147690,Residential,2011,1,Single Family,Hard Board (Hardy board or pla,Building New,A58,1977.945167,7599.171026,133.9742164189806,5149,0.8848766505810695,0.4854988849077612,0.24270574412321155,0.22493915570466444,1
208,47364,77.49340988,34.79736588,2016,MODULAR METAL,32561,183510,Mobile Home Park,1975,1,Multi-Section MH,MODULAR METAL,Building New,B37,713.3930065,358160.3048,128.21215496275482,32561,0.5216589589982848,0.37261926258201444,0.15029725938534166,0.1309956891081669,2
209,130309,77.39109158,34.78798597,2006,Aluminum/Vinyl,64100,157080,Residential,2004,2,Single Family,Aluminum/Vinyl,Building Existing,A30,1418.448585,8809.932074,132.25016360864302,64100,0.9377387827041975,0.6544986718984322,0.3636926918744995,0.2663761966780688,2
210,86563,77.47752936,34.669818,2006,Log,17452,142230,Building Site,1978,2,Single Family,Log,Building Existing,A26,263.6891068,33730.03599,137.74295015427012,17452,0.9814097821373244,0.9001043190086082,0.7202139357958084,0.6076599994538925,1
211,37299,77.47880828,34.7448036,2016,Aluminum/Vinyl,30042,130460,Residential,1986,1,Single Family,Aluminum/Vinyl,Building New,A14,96.49719829,12822.58882,132.45349972507756,30042,0.8090756142878635,0.350706695491838,0.09011708666060564,0.05037803821619683,1
212,39587,77.36355577,34.75438127,2016,Aluminum/Vinyl,63701,165190,Residential,2004,2,Single Family,Aluminum/Vinyl,Building New,A30,69.92041887,20845.18287,135.64467079806346,63701,0.9570186007339424,0.7286350710243449,0.4529503535557294,0.33994450151868916,1
213,102655,77.33020635,34.73410524,2006,"Frame Siding, Plywood",49403,133910,Residential,1991,1,Single Family,"Frame Siding, Plywood",Building Existing,A10,2367.961886,9628.608094,138.18457549695444,49403,0.9194259678332439,0.6646708225048209,0.3542161179092903,0.30832627787789346,1
214,54982,77.51038493,34.83847733,2016,ALUMINUM/VINYL,59275,85030,Residential,1999,1,Multi-Section MH,ALUMINUM/VINYL,Building New,B32,224.3288001,17422.21791,124.76643980239662,59275,0.20675125424769397,0.016391079634563106,0.0006926156168501307,0.0004674184382226237,0
215,20154,77.37659042,34.51411184,2016,"FRAME SIDING,PLYWOOD",10564,288890,Waterfront ICW,1948,1,Beach House,"FRAME SIDING,PLYWOOD",Building New,A14,1563.791634,1438701.209,151.5576142800602,10564,0.9719920494835934,0.7701593751251563,0.45415204184515723,0.3385796058080738,1
216,54038,77.49602142,34.83265795,2016,Aluminum/Vinyl,67639,160730,Residential,2006,1,Single Family,Aluminum/Vinyl,Building New,A58,58.05244314,16182.11488,125.65040763778778,67639,0.7708209551648888,0.2840374213241093,0.10014050099948019,0.09849927925140173,0
217,132820,77.41951315,34.79674257,2006,"Frame Siding, Plywood",1334,97570,Residential,1975,1,Single Family,"Frame Siding, Plywood",Building Existing,A10,2225.333669,11052.83025,130.71994502158566,1334,0.8424446252181788,0.4850307805313698,0.1763685483311635,0.1676794690205839,4
218,124038,77.49258381,34.77631244,2006,,8643,262440,Commercial,0,1,OFFICES/SERVICES,,Building Existing,F16,1074.816269,84418.20167,129.7210075340391,8643,0.9294099437276224,0.8524870004589835,0.6995773777988157,2.2555145216166234e-05,2
219,24003,77.38390387,34.56759368,2016,Aluminum/Vinyl,35833,86850,Waterview,1945,1,Single Family,Aluminum/Vinyl,Building New,A14,772.1386577,10052.15348,148.22765089687337,35833,0.9590718270663535,0.7102905498396669,0.37556611922383304,0.2681849839108801,4
220,49918,77.37054288,34.81034587,2016,"ALUMINUM,VINYL",49262,46350,Building Site,2000,1,Singlewide M/H,"ALUMINUM,VINYL",Building New,B32,2394.169813,57227.91321,131.13724416853785,49262,0.3220318461635903,0.046283895643770515,0.0034700858991803694,0.002466106262875754,0
221,53042,77.4082219,34.82685087,2016,Aluminum/Vinyl,155164,167620,Residential,2012,1,Single Family,Aluminum/Vinyl,Building New,A62,2359.153545,9546.892636,128.81785785916577,155164,0.7408380615365373,0.25780562509636457,0.0578029380906129,0.04551221915100203,1
222,86856,77.47929232,34.67127147,2006,Brick Veneer,1245,142000,Building Site,1969,1,Single Family,Brick Veneer,Building Existing,A10,2116.604964,36386.14387,137.5789974254738,1245,0.9146330143403859,0.6512304252047546,0.3380164644118546,0.2955646365642343,1
223,131983,77.41451565,34.79342519,2006,,52276,128917,Commercial,0,1,OFFICES/SERVICES,,Building Existing,F16,4376.425049,10803.2598,131.12329333023442,52276,0.9380503055858054,0.867437518357655,0.7240332804768665,3.7451568121495e-05,0
224,111778,77.3773548,34.75404771,2006,Brick Veneer,3503,107470,Residential,1973,1,Single Family,Brick Veneer,Building Existing,A14,2434.435125,19717.56322,135.25197569995944,3503,0.849741384884709,0.4171535329369553,0.12507962482163026,0.07337218329219941,1
225,43812,77.40345908,34.77481585,2016,Brick Veneer,9094,112310,Residential,1973,1,Single Family,Brick Veneer,Building New,A14,77.57263056,14075.1554,132.8642408898241,9094,0.8154903945740372,0.36031708241945387,0.09477915276519577,0.053366638876763024,1
226,71589,77.63293886,34.82592594,2016,Aluminum/Vinyl,42706,50300,Building Site Off-Road,1918,2,Single Family,Aluminum/Vinyl,Building Modified,A30,2407.424363,33444.34295,121.52590794834089,42706,0.8243340795125658,0.3793314178052437,0.13191078288230584,0.09199957330446251,1
227,36418,77.22974008,34.73602517,2016,Aluminum/Vinyl,153708,182250,Residential,2014,1,Single Family,Aluminum/Vinyl,Building New,A62,2741.989445,14969.24345,141.42421084205603,153708,0.9053782976351445,0.5508907788568554,0.2343120078421584,0.18088941132429492,1
228,71969,77.45966278,34.83441068,2016,Brick Veneer,12883,85020,Building Site Off-Road,1968,1,Single Family,Brick Veneer,Building Modified,A14,459.6851946,38920.0786,126.70395762179777,12883,0.7030258807607115,0.22565509716385496,0.04062546146551507,0.02044525999699928,2
229,124708,77.43897384,34.77690508,2006,Brick Frame,24838,145820,Residential,1966,2,Single Family,Brick Frame,Building Existing,A30,2146.720052,25673.79939,131.55393246713484,24838,0.9329804022555824,0.6381461922163886,0.34583448071706946,0.2521316879990295,2
230,88953,77.47550747,34.68371944,2006,"Frame Siding, Plywood",48646,132140,Residential,1992,1,Single Family,"Frame Siding, Plywood",Building Existing,A10,2366.084071,19220.88538,136.8689905371076,48646,0.9087162914082365,0.6351509391016024,0.31931202468917663,0.2808502123471437,1
231,74350,77.51817129,34.44626093,2006,ALUMINUM/VINYL,1808,269240,Waterfront Canal,1993,1,Multi-Section MH,ALUMINUM/VINYL,Building Existing,B35,224.6904408,7562.701864,151.55842268504972,1808,0.9065833887011105,0.8374209047988677,0.5523560714531411,0.4074861960312872,2
232,48046,77.20884988,34.79741297,2016,ALUMINUM/VINYL,55205,117700,Building Site Off-Road,1995,1,Multi-Section MH,ALUMINUM/VINYL,Building New,B32,473.6335704,270881.7623,137.57894632324872,55205,0.452439692871515,0.10637030380260554,0.013203723224832093,0.009853151285230786,1
233,44409,77.30993823,34.77698311,2016,Aluminum/Vinyl,70941,179900,Residential,2008,1,Single Family,Aluminum/Vinyl,Building New,A58,2549.67007,16938.26405,135.59482970589258,70941,0.9007101294872556,0.5254520140148906,0.2781596292285081,0.2560990357558909,2
234,124392,77.37289096,34.77541333,2006,Brick Veneer,14526,152390,Golf Course Lot,1958,1,Single Family,Brick Veneer,Building Existing,A14,3428.693759,43914.56426,133.7511036471755,14526,0.8288135720363714,0.3812606347978195,0.10539299408552488,0.060262719886505785,0
235,115352,77.41529448,34.76007225,2006,,15203,1732965,Commercial/Ind/Primary,0,1,RETAIL,,Building Existing,F16,12506.05838,65875.71385,133.58620119654952,15203,0.9510292667151087,0.8907759672367486,0.7639063972410569,8.723205075344572e-05,2
236,118979,77.37134438,34.76532318,2006,Aluminum/Vinyl,36212,150040,Residential,1986,2,Single Family,Aluminum/Vinyl,Building Existing,A26,122.7266822,14674.00153,134.57122836136455,36212,0.9724051549599206,0.8617059678846343,0.6449414040144401,0.5315215048073816,2
237,142558,77.46406358,34.8457075,2006,Aluminum/Vinyl,59824,183510,Residential,2002,2,Single Family,Aluminum/Vinyl,Building Existing,A30,1904.907742,25784.75177,125.75737409996204,59824,0.8802999277844852,0.49121902719479243,0.21004940578720221,0.14840071989254378,1
238,20486,77.50347429,34.52199138,2016,Aluminum/Vinyl,57689,144440,Building Site,2007,1,Single Family,Aluminum/Vinyl,Building New,A58,1865.821006,45463.0457,147.76154391113005,57689,0.9712429802552132,0.7822790266346171,0.5764622165159144,0.5241819134357326,1
239,63895,77.37250968,34.54861739,2016,Brick Veneer,61209,691860,Building Site,2000,1,Single Family,Brick Veneer,Building Modified,A58,200.7263966,89276.31177,149.72844630319594,61209,0.9769150860609628,0.8132963625647573,0.6228843051110503,0.5678284193778561,4
240,56548,77.55795962,34.84897632,2016,Aluminum/Vinyl,64207,201190,Residential,2004,2,Single Family,Aluminum/Vinyl,Building New,A30,197.4840819,21820.29681,122.42901063072398,64207,0.8376619151343401,0.4030198774933003,0.14683696236590926,0.1026057361514639,2
241,65337,77.50545626,34.69409775,2016,Aluminum/Vinyl,65866,191800,Residential,2005,2,Single Family,Aluminum/Vinyl,Building Modified,A30,1899.230534,53097.18877,135.048968578421,65866,0.954068547286353,0.7163432615330894,0.4371406953228268,0.3266104509438563,2
242,18365,77.56210519,34.47979848,2016,Aluminum/Vinyl,74717,232060,Residential,2009,1,Single Family,Aluminum/Vinyl,Building New,A58,2767.222086,12832.25572,148.29469668359738,74717,0.9728922130117623,0.7910090570321238,0.589241347811139,0.5361211760644788,2
243,47455,77.45026663,34.79737159,2016,Aluminum/Vinyl,158249,207840,Residential,2015,2,Single Family,Aluminum/Vinyl,Building New,A18,1546.063412,13592.1416,129.68391174688202,158249,0.9493492108386898,0.771721937283369,0.3968124970684604,0.13464727109016367,2
244,21087,77.49583042,34.52664003,2016,Aluminum/Vinyl,158381,240170,Residential,2014,2,Single Family,Aluminum/Vinyl,Building New,A30,2402.801873,31272.40344,147.71451920313163,158381,0.9899898256277918,0.9064231731772283,0.744320557821558,0.6170497756462244,2
245,122239,77.4179732,34.77163043,2006,Brick Veneer,4207,129590,Residential,1968,1,Single Family,Brick Veneer,Building Existing,A14,572.2104342,15042.06191,132.63765021957846,4207,0.81197080279293,0.35500769348671807,0.09218753475368135,0.05170216284147467,1
246,17301,77.51313106,34.44728091,2016,ALUMINUM/VINYL,13624,261510,Residential,2007,1,Beach House,ALUMINUM/VINYL,Building New,A62,1671.073091,6516.434437,151.66780105184046,13624,0.9650309184527308,0.7613497206894679,0.4645390878354001,0.37098636473074864,4
247,124665,77.37058896,34.77585662,2006,Brick Veneer,28778,220350,Residential,1978,1,Single Family,Brick Veneer,Building Existing,A10,4693.908355,49437.26304,133.78471374343684,28778,0.8790174904888186,0.5618224027011777,0.24273042999446354,0.2205747689420825,4
248,77248,77.55278332,34.49554686,2006,ALUMINUM/VINYL,20572,44310,Building Site,1996,1,Multi-Section MH,ALUMINUM/VINYL,Building Existing,B32,992.44337,3999.94046,147.62603793407177,20572,0.6494960153964989,0.27249065701055275,0.06484533480352567,0.05186330666651855,1
249,117678,77.37222501,34.76321883,2006,Aluminum/Vinyl,50291,152460,Residential,1994,2,Single Family,Aluminum/Vinyl,Building Existing,A30,1576.476178,10451.57118,134.7062921076302,50291,0.9522929058391362,0.7091284813027721,0.4280584351795622,0.31901168641460353,2
250,20902,77.49757247,34.52564554,2016,Aluminum/Vinyl,156369,213130,Residential,2013,2,Single Family,Aluminum/Vinyl,Building New,A26,1920.138548,20693.11686,147.721844375704,156369,0.9951078637835935,0.9689089196248488,0.8886370588762355,0.8040215025379673,4
251,29894,77.56631654,34.70147165,2016,Aluminum/Vinyl,51226,129240,Building Site Off-Road,2008,1,Single Family,Aluminum/Vinyl,Building New,A58,2129.198461,53291.49949,132.60912987234283,51226,0.8700379373314828,0.45156742185727256,0.21455095981695566,0.2001842651147661,1
252,95050,77.11373644,34.70710836,2006,Aluminum/Vinyl,59345,92420,Waterfront River/Creek,1940,1,Single Family,Aluminum/Vinyl,Building Existing,A14,1058.380565,25742.14957,147.31991865177412,59345,0.9547497455047966,0.6925334271890451,0.35457801458129007,0.2501065077385928,1
253,91243,77.50419794,34.69307778,2006,Aluminum/Vinyl,65909,195000,Residential,2005,2,Single Family,Aluminum/Vinyl,Building Existing,A26,1804.48056,22025.07111,135.16469413011527,65909,0.9743409980605551,0.8696388503745188,0.6597210399376028,0.5460804869190858,2
254,24691,77.18951971,34.65254319,2016,Hard Board (Hardy board or pla,74194,163940,Residential,2008,1,Single Family,Hard Board (Hardy board or pla,Building New,A58,2206.202757,48215.88262,148.51196277293548,74194,0.9735396537151988,0.7944978704915706,0.5944096742912126,0.5409655896821086,4
255,45516,77.36160212,34.78383994,2016,Aluminum/Vinyl,6222,112340,Residential,1974,1,Single Family,Aluminum/Vinyl,Building New,A14,162.3436805,13824.10037,133.42841728891707,6222,0.8240490212202477,0.37361242392696514,0.10144405893185782,0.057682366157970864,3
